tweet_id,tweet,"relevant_to? (R,P,O,N)","urgency_level (0,1,2)",type_of_information
2.31E+17,philippine floods worsen as death toll hits 14 in wake of gener #philippines #national,O,0,Disaster update
2.31E+17,@user philippine floods worsen as death toll hits 14 in wake of gener,O,0,Disaster update
2.31E+17,philippine flood fatalities hit 23,O,0,Disaster update
2.32E+17,"4 luzon dams release water; flood warning up: manila, philippines - four dams in luzon opened their gates sunday…","P,R",0,Disaster development
2.32E+17,@user pagasa 8:50pm advisory: yellow warning for metro manila. occasional heavy rains in next 3 hrs. floods possible.,"P,R",1,Disaster development
2.32E+17,@user pagasa 10pm advisory: green warning for metro manila. moderate-heavy rains in next 3 hrs. threat of floods in low-lying a ...,"P,R",1,Disaster development
2.32E+17,@user up manila admin &amp; officials will monitor rain&amp;flood situation til 4am. announcements will be made at the latest 5 ...,R,0,Disaster development
2.32E+17,@user pagasa 4am advisory: green warning for metro manila. moderate-heavy rains in next 3 hrs. threat of floods in low-lying ar ...,"P,R",1,Disaster development
2.32E+17,@user [anc]  pagasa 4am advisory: green warning for metro manila. moderate-heavy rains in next 3 hrs. threat of floods... h ...,"P,R",1,Disaster development
2.32E+17,@user pagasa 5pm advisory: green warning for metro manila. heavy-intense rains in next 3 hrs. threat of floods in low-lying are ...,"P,R",1,Disaster development
2.32E+17,"@user pagasa 9pm advisory: red warning for metro manila. heavy-intense rains in next 3 hrs. floods in low-lying areas, near rivers.","P,R",1,Disaster development
2.32E+17,"pagasa 9pm advisory: red warning for metro manila. heavy-intense rains in next 3 hrs. floods in low-lying areas, near rivers.","P,R",1,Disaster development
2.33E+17,"if floods end up banging up my manila badly, considering running charity shirt drive. @user @user game?",O,0,Aid
2.33E+17,"@user pagasa 11:30pm advisory: red warning for metro manila. heavy-intense rains in next 3 hrs. floods in low-lying areas, near ...","P,R",1,Disaster development
2.33E+17,@user pagasa 11:30pm advisory: red warning for metro manila. heavy-intense rains in next 3 hrs. floods ...,"P,R",1,Disaster development
2.33E+17,"pagasa 9pm advisory: red warning for metro manila. heavy-intense rains in next 3 hrs. floods in low-lying areas, near rivers. #tvdphfamily","P,R",1,Disaster development
2.33E+17,"@user the great manila flood of '72, as recalled by a us peace corps volunteer",N,0,Informational
2.33E+17,"it's already aug 7, around 6 am manila time.. rains flood our country.. it's @davidarchie's day also, begin is out now!",N,0,Informational
2.33E+17,"@user flood alert: san marcelino taft ayala, manila, as of 6:37am not passable to all types of vehicles | via @mmda","P,R",0,Infrustructure development
2.33E+17,"@user folks, there's a hashtag #rescueph that has been established for rescue efforts. let's use this for better coordination.","P,R",0,Logistical 
2.33E+17,hope mobile networks provide free calls today! many are in need! wag nyo na pagkakitaan ang bagyo! #rescueph #bayanihan #rescuephilippines,O,0,Aid
2.33E+17,@user keep tweeting us so we can share updates with our followers. we're updating this list too. #rescueph,P,0,Logistical 
2.33E+17,"@user use #rescueph hashtag to allow all media outlets to monitor tweets related to the floods, rescue operations. thanks!",P,0,Logistical 
2.33E+17,@user hey guys! use the hashtag #rescueph for rescue operations and flood monitoring!,P,0,Logistical 
2.33E+17,philippine capital hit by floods,O,0,Disaster development
2.33E+17,whats the latest on #manila floods situation? @mmda,O,0,Disaster development
2.33E+17,#rescueph rescue ust hospital! oh pls. can't imagine those patients suffering from....ugh. :(,R,1,General Rescue
2.33E+17,@user philippine capital hit by floods,O,0,Informational
2.33E+17,@user #rescueph &gt; rt @user 74 yrs old lady trapped at 17 kapiligan st araneta subd qc. all grilled windows loc ...,R,1,Specific Rescue
2.33E+17,"philippine capital hit by floods: flooding caused by torrential rain paralyses parts of manila, forcing tens of ...",O,0,Informational
2.33E+17,@user rt @user google spreadsheet for #rescueph | via @mlq3,R,0,Logistical 
2.33E+17,flooding chaos in philippine's capital: flood waters were rising in parts of the philippine capital on tuesday a...,P,0,Logistical 
2.33E+17,@user ingat kayo dyan if you need to be rescued tweet mo lang @user or #rescueph,O,0,Logistical 
2.33E+17,"a family needs to be rescued at 36 road 3, dona petra, concepcion uno, marikina city. they're stuck at the 2nd floor. thanks #rescueph",R,1,Specific Rescue
2.33E+17,@user @user @user @user &amp; @user using #rescueph as the unified hashtag for tweets re cri ...,P,0,Logistical 
2.33E+17,grabe! t_t rt @user urgent - help is needed in ust hospital. flood has reached the building's 2nd level. #rescueph,R,2,Specific Rescue
2.33E+17,"@user rt @user sm malls: parking areas to be used free for cars of tenants, customers. @user #rescueph","P,R",0,Logistical 
2.33E+17,@user @user help is needed in ust hospital. @user @user @user @user #rescueph,R,1,Logistical 
2.33E+17,@user gamitin ang #rescueph hashtag upang ma-monitor ng media outlets ang mga tweets kaugnay sa pagbaha at rescue operations. ma ...,O,0,Informational
2.33E+17,@user put anyone who needs rescue here. #rescueph,P,0,Logistical 
2.33E+17,@user up campuses in diliman and manila should be opened as evacuation centers for families affected by floods. - upm dss chair ...,R,0,Logistical 
2.33E+17,@user rescue and coordinating operations like today is where twitter really stands out. #rescueph,R,0,Appreciation
2.33E+17,@user walked thru flood waters? take one dose of doxycycline (200mg) to guard against leptospirosis /via @user #rescueph,P,0,Informational
2.33E+17,"@user please send rescue team to 14p diamond st. cypress village, masambong qc. family trapped in 2nd flr. thanks! #rescueph",R,1,Specific Rescue
2.33E+17,#rescueph @user @user @user @user @user individual with a 3 month old baby is in need (cont),R,1,Specific Rescue
2.33E+17,@user sos!ust hospital flood now on the 2/f.no food for the patients &amp; staff. please rt! #rescue5 #rescueph @mmda,R,1,Specific Rescue
2.33E+17,@user #rescueph rescue pls family trapped at blk64 lot2 phase2 dela costa homes v burgos montalban rizal.family of 4w/2 children. ...,R,1,Specific Rescue
2.33E+17,74 yrs old lady trapped at 17 kapiligan st araneta subd qc. all grilled windows locked water already at 2nd floor. #rescueph help! rt,R,1,Specific Rescue
2.33E+17,"@user anyone from san mateo, rizal who can rescue this person? #rescueph",R,1,General Rescue
2.33E+17,@user flooding chaos in philippine's capital: flood waters were rising in parts of the philippine capital on tuesday a... http:/ ...,O,0,Disaster update
2.33E+17,@user pls rescue folks at 142 maria clara st. talayan village- they're on the roof! #rescueph,R,1,Specific Rescue
2.33E+17,plsssssss we beg you rt @user #rescueph please do rescue stray dogs and cats also..,R,0,"Logistical, Animals"
2.33E+17,@user netizens can now #rescueph via googledocs via @user let's avoid duplications.,R,0,Logistical 
2.33E+17,"@user @user pls rescue pwds in tahanang walang hagdan,#8 aida street,marick subd.cainta, rizal. #rescueph please pass! ...",R,1,Specific Rescue
2.33E+17,@user rt @user please don't leave your pets behind. call 817-5292 for animal rescue. /via @user #rescueph,P,0,"Logistical, Animal "
2.33E+17,rescue database #rescueph,R,0,Logistical 
2.33E+17,@user @user please rt. thanks. needs rescue!  #rescueph 6 monte carlo st. ciudad grande valenzuela city (near daland ...,R,0,Specific Rescue
2.33E+17,"@user the flood victims of manila need soap, pampers, water and hot food please. we are opening our malate branch  http:/ ...",R,0,"Logistical, Food"
2.33E+17,consolidated list of people who need rescuing. #rescueph,R,0,Logistical
2.33E+17,@user kalesas in manila still trying to make a living despite floods | via @nikobaua,N,,
2.33E+17,"@user you too, enjoy manila floods! wahaha! :))",N,,
2.33E+17,"@user heard that floods in manila are up to the neck, many people are in danger. please stay safe, praying for you #prayfort ...",N,,
2.33E+17,@user want to donate or to volunteer? check out this list: /via @user #rescueph,O,0,Aid
2.33E+17,"@user 18 mais street, tumana, marikina. - in 2nd floor. there are kids &amp; pwd. | 9435579464 @user spread! #rescueph",R,1,Specific Rescue
2.33E+17,@user animal rescue hotline: 817-5292. do not leave your pets behind. #rescueph,P,0,Animals
2.33E+17,"@user some good news, 300 persons rescued from tatalon qc. #rescueph",O,0,Disaster update
2.33E+17,"@user mayamot, antipolo rizal needs rescue. almost 2nd flr na yung tubig. naka salbabida na yung mga tao! #rescueph",R,1,General Rescue
2.33E+17,@user flood in the ust hospital is now on the 2nd floor. no food for the patients &amp; staff. pls. help! #rescueph @user ,R,1,"General Rescue, Food"
2.33E+17,metro manila flood updates: nlex is now north luzon express river . pls rt and spread.,P,0,"Informational, Disaster Update"
2.33E+17,flood can harm animals just as easily as it can harm people!place horses to safer place &amp; not take advantage for money from this! #rescueph,P,0,Animals
2.33E+17,"@user feu, science building. help is needed. there are 39 stranded students in there. #rescueph please send people there t ...",R,1,Specific Rescue
2.33E+17,"please help @mysheenahalili's lolo, lola and relatives in san nicolas san fernando pampanga.. nasa bubong na daw sila. #rescueph (retweeted)",R,1,General Rescue
2.33E+17,please retweet! teenager stranded in his house 8 st catherine street provident vill mrkna #rescueph #prayforthephilippines,R,1,Specific Rescue
2.33E+17,@user pls #rescueph all the families na nasa taas na ng bubong dito sa san nicolas san fernando pampanga! help them! pls rt!,R,1,General Rescue
2.33E+17,"@user @user pls rescue pwds in tahanang walang hagdan,#8 aida street,marick subd.cainta, rizal. #rescueph please pass! @user ",R,1,Specific Rescue
2.33E+17,philippine capital paralysed by floods - bbc news,O,0,Disaster update
2.33E+17,"@user mahigit 20,000 residente sa san mateo rizal, apektado sa mga pagbaha, ayon sa pdrrmc #dzbb via @user #rescueph",N,,
2.33E+17,"@user #rescueph provident village at marikina nagmistulang dagat n nman, madami pang dpt irescue n families doon. need help! @user ",R,1,General Rescue
2.33E+17,@user all donations brought to lbc will be sent to ph red cross evacuation centers /via @user #reliefph,O,0,Aid
2.33E+17,"good news indeed! ingat po. rt @user some good news, 300 persons rescued. from tatalon qc. #rescueph",O,0,Disaster update
2.33E+17,"@user photo from @user pablo ocampo, malate. taken across rizal memorial. #floodsph",O,0,"Informational, Photo"
2.33E+17,"@user mcdonald's stores open in metro manila are now accepting donations in kind (rice, noodles, canned goods, etc.) for flood vi ...",O,0,Aid
2.33E+17,"#rescueph residents of tahanang walang hagdan, #8 aida street, marick subd. cainta, rizal.",R,1,Specific Rescue
2.33E+17,"please rt! a certain rodrigo salvador is need of rescue. he is with 6 kids, 9 others. 184 kaliraya st., cluster 12, tatalon #rescueph",R,1,Specific Rescue
2.33E+17,#rescueph brgy. tatalon araneta ave corner victory quezon city,R,0,Non English
2.33E+17,"@user for rescue needs, tweet the details of the person &amp; exact place with the hashtag #rescueph. for relief efforts p ...",P,0,"Informational, Logistics"
2.33E+17,"@user those who need rescue, put a white blanket on roof of house or out your window so rescuers can see you.  #rescueph",P,0,Informational
2.33E+17,#reliefph rt @user let's help our countrymen most affected by the floods. donation boxes (cont),O,0,Aid
2.33E+17,"@user rt families stuck in the roof, 11 people, bayabas ext. nangka marikina, they need immediate help #rescueph @mmda",R,2,Specific Rescue
2.33E+17,@user university of santo tomas (ust) hospital needs food for the patients and staff. #rescueph,R,0,Food
2.33E+17,@user rt pls @user #reliefph all ayala malls accepting donations 4 flood victims.just go to concierge booths in ayala malls ...,"R,O",0,"Aid, Food"
2.33E+17,"#rescueph @user please help us seek rescue for our friend!:( jaja vigilia, 09159166833, #3 sampaguita st. ivc marikina city",R,0,Specific Rescue
2.33E+17,"@user smart subs, in case you run out of load. you get a lifeline of few more texts... simply dial *767 (*sos) #rescueph",P,0,Informational
2.33E+17,people at kingsville and filinvest east antipolo needs immediate help. yung ibang tao nasa bubong na daw. @user @user #rescueph,R,2,Specific Rescue
2.33E+17,@user please tweet and use hashtags #reliefph (relief ops) #rescueph (rescue concerns) #floodsph (flood news) #phalerts (gove ...,P,0,Informational
2.33E+17,@user youscoop: ue students spent the night in manila campus after flood prevented them from leaving,O,0,"Disaster Update, Informational"
2.33E+17,@user @user flood in ust hospital is now on the 2nd floor. no food for the patients n staff #rescueph @user ,R,1,"Specific Rescue, Food"
2.33E+17,"@user @user drinking water needed for 20-30 ppl at #177 rp palad st, moras dela paz, sto tomas,pampanga #rescueph #reliefph",R,0,Water
2.33E+17,"@user please send help #9 champaca st. de castro pasig city.. may 2 bata, isang baby at mga lola at lolo ko po andun #rescueph",R,1,Specific Rescue
2.33E+17,@user floods paralyse philippine capital @user @user umaasa na ang lahat ay mahusay,O,0,Disaster Update
2.33E+17,"@user lgus, schools extend class suspension until wednesday #floodsph  #weatheralert #noclasses","P,O",0,"Disaster Update, Informational"
2.33E+17,"@user rt @user @user sis pa rt, #rescueph my family needs boat to transfer 353 sta lucia paroba city of sn fdo pa ...",R,0,Logistical
2.33E+17,@user #rescueph rt @user if you know people who need to be rescued: please contact coast guard 0917-pcgdotc (0917-7243682),P,0,Informational
2.33E+17,"@user spread! families stuck in the roof, 11 people, bayabas ext. nangka marikina, they need immediate help #rescueph @mmda",R,2,Specific Rescue
2.33E+17,"#rescueph christianne mapue &amp; family , 63 caridad st, don pedro vil, valenzuela city. 0917-5562046. stranded in neck-deep flood. @mmda",R,1,Specific Rescue
2.33E+17,@user malanday marikina near natinal high school purok 3. melyn pabustan with 3 kids 09175119505 #rescueph,R,1,Specific Rescue
2.33E+17,"@user rt #rescueph jeremy orlina (ua&amp;p 1st yr) b4 l4 narra st., dacon homes, cainta, rizal 09179957335. flooding + in need of food",R,1,"Specific Rescue, Food"
2.33E+17,@user rt @user pls help the students in ust dorms!! my sister's blockmates are running out of food!!! #rescueph,R,1,"Specific Rescue, Food"
2.33E+17,"#rescueph @user families stuck on the roof,11 people , bayabas ext. nangka marikina!!!",R,1,Specific Rescue
2.33E+17,"#rescueph jeremy orlina (ua&amp;p 1st yr) b4 l4 narra st., dacon homes, cainta, rizal 09179957335. flooding + in need of food @divinemlee",R,1,"Specific Rescue, Food"
2.33E+17,@user photo by carlo gabuco @user photo: marikina river taken roughly at 5:45pm. #floodsph,O,0,"Informational, Disaster Update"
2.33E+17,@user rt @user no classes in manila tomorrow. all levels- mayor lim #floodsph,P,0,"Logistical, Informational"
2.33E+17,@user #rescueph @user 86 and 84 yr oldcouple stuck on rooftop since last night. 97 west riverside cor kentucky st. sdfm qc c ...,R,1,Specific Rescue
2.33E+17,"@user aliza libunao, 9 adults +1 child, 635 g. araneta ave. tatalon, q.c. 09268752213 #rescueph stranded on 3rd flr, flood  ...",R,1,Specific Rescue
2.33E+17,@user if you see animals or pets in need of rescue please contact peta. call 817-5292. thank you. #rescueph #floodmnl pls rt,P,0,Animals. Logistical
2.33E+17,@user we should not be just good samaritans but we need to be better samaritans. #rescueph #prayforthephilippines,O,0,Good Wishes
2.33E+17,@user two important hash tags to take note of: #rescueph #reliefph please make sure to use the correct one and rt! ...,P,0,"Logistical, Informational"
2.33E+17,"@user #rescueph please help! stranded ang mga residente ng b53 l12 teachers village catmon, malabon! staying on top of their roofs!",R,1,Specific Rescue
2.33E+17,#rescueph pregnant mom and small kids trapped in 5 feet flooded house #283 l.dela cruz st. brgy.isla valenzuela city. 09053920969,R,2,Specific Rescue
2.33E+17,bbc news - floods paralyse philippine capital manila,O,0,Disaster Update
2.33E+17,"@user photo: marikina river via marcos highway, photo by @user #floodsph",O,0,"Informational, Disaster Update"
2.33E+17,please rt. kindly course your donations through st.scholastica's college manila  hotline: 567-7686 to 89 #rescueph,O,0,Aid
2.33E+17,@user we'll be using the unified hashtags #reliefph (for relief ops); #rescueph (for rescue concerns); and #floodsph (for ge ...,P,0,"Logistical, Informational"
2.33E+17,@user saludo kami sa mga #rescueph team at sa mga volunteers. ndi pa sila kumakain pero deadma basta makatulong. #bayanihan,R,1,Foreign Language
2.33E+17,"@user anyone near ust hospital? they need help badly. 2nd floor is flooded, patients &amp; staff have no food. #rescueph",R,1,"Specific Rescue, Food"
2.33E+17,@user ma'am please r e t w e e t! uerm staff &amp; patients are in need of immediate action/help. #rescueph #reliefph,R,2,Specific Rescue
2.33E+17,@user @user malanday marikina near natinal high school purok 3. melyn pabustan with 3 kids 09175119505 #rescueph,R,1,Specific Rescue
2.33E+17,@user reported @user #rescueph florentino bernardo and company: antonette st.parkway villagd brgy apolonio samson. 09436051153,R,1,Specific Rescue
2.33E+17,@user hi @user can every tweet with hashtag #rescueph be a $1 donation to the philippines victims? - pls retweet this unt ...,O,0,Aid
2.33E+17,@user @user flood relief information #rescueph check poster for donation drop offs. share if u care! ...,O,0,Aid
2.33E+17,"@user photo of the flood in manila, philippines. the university of santos thomas field. (9/7/12)",O,0,"Picture, Disaster Update"
2.33E+17,"@user to ngos &amp; charity organizations: if not accredited by dswd, pls consign your imported donations to dswd.#reliefph |  ...",O,0,"Aid, Informational"
2.33E+17,@user if you need any help please use the hashtag #rescueph. rt please!,P,0,"Informational, Logistical"
2.33E+17,@user @user if you need any help please use the hashtag #rescueph. rt please!,P,0,"Informational, Logistical"
2.33E+17,@user hi @user can every tweet with hashtag #rescueph be a $1 donation to the philippines victims?,O,0,Aid
2.33E+17,@user pregnant joann fernandez need immideate #rescueph @ kaingin 2 st tenejeron malabon. shes in pain. @user @user ,R,2,Specific Rescue
2.33E+17,@user hi @user can every tweet with hashtag #rescueph be a $1 donation to the philippines victims? - pls retweet this until ...,O,0,Aid
2.33E+17,@user please po may mga bata pa sa adress na to. victoria martinez. 395 mh del pilar st maysilo malabon #rescueph @divinemlee,R,1,"Specific Rescue, Foreign Language"
2.33E+17,mt @user de la salle college of saint benilde: following the official announcement to suspend... #floodsph,O,0,Disaster Update
2.33E+17,"breaking: massive floods inundate manila, #philippines. 1 million people are affected &amp; thousands forced to evacuate",O,0,Disaster Update
2.33E+17,"rt: @user for those who can donate medicines, please let @user know asap. thank you! #reliefph",O,0,Aid
2.33E+17,hi @user can every tweet with hashtag #rescueph be a $1 donation to the philippines victims? 6,O,0,Aid
2.33E+17,the u.s. embassy here in manila looks like it is floating above the flood. it has been two weeks and the hea,O,0,"Informationa, Disaster Update"
2.33E+17,"@user anyone from malabon? pls help preggy joann fernandez, kids needing immediate #rescueph at kaingin 2 st. tenejeros, mala ...",R,2,Specific Rescue
2.33E+17,"@user melyn pabustan w/ 3 kids 09175119505 purok 3, malanday, marikina; their house is near the national high school #rescueph",R,1,Specific Rescue
2.33E+17,"@user please help the people of catmon, malabon. they've been submerged in floods since morning.#rescueph @user @user ",R,1,General Rescue
2.33E+17,"@user and #reliefph for details about relief operations, way to drop of donations, and other ways to help.",O,0,Aid
2.33E+17,#reliefph jollibee foundation coinbanks now accepts funds for flood-affected families,O,0,Aid
2.33E+17,"#rescueph live tv on your mobile, fufu",N,,
2.33E+17,@user ust hospital food shortage @user #rescueph,R,1,"Specific Rescue, Food"
2.33E+17,@user remember you can help the victims of the flood by donating to philippine red cross. more info on how here: ...,O,0,Aid
2.33E+17,torrential rains pounding the philippine capital on tuesday paralyzed traffic as waist-deep floods triggered...,O,0,"Informational, Disaster Update"
2.33E+17,"@user @user #rescueph my grandpa at camia st cor. cattleya twinville subd mrkna, he's 75yrs old &amp; nsa bubong sya since 10am. :(",R,1,Specific Rescue
2.33E+17,"aerial view of manila flood aug 7th, 2012 (please help): via @user from mikey bustos",R,0,Specific Rescue
2.33E+17,"@user #rescueph rescue needed gigi asuncion &amp; family (incl.1 yr old baby) &amp; 70 y/o dad. 507 kamagong st, st josep ...",R,1,Specific Rescue
2.33E+17,"@user rt feu, science building. help is needed. there are 39 stranded students in there. #rescueph please send people the ...",R,1,Specific Rescue
2.33E+17,@user @user public service announcement &gt; pls rt for faster response! help is on the way!  #rescueph #reliefph  ...,P,0,Informational
2.33E+17,does tweeting the contact details w hashtag #rescueph actually help? is there a number i can text to report people in danger?,R,0,Inquiry
2.33E+17,"@user #rescueph please rt!! fellow speducator, jaja vagilia, and her family needs rescue!! #3 sampaguita st. ivc marikina  ...",R,1,Specific Rescue
2.33E+17,@user rescue needed in romualdez st. cor kalentong. 1st house beside caltex. lolo and lola residing. #rescueph,R,1,Specific Rescue
2.33E+17,"@user grace chan &amp; sister, 504 mariano marcos, bgy. maytuna, san juan. injured and trapped in the 2ndflr #rescueph",R,1,Specific Rescue
2.33E+17,#rescueph tua and tua hs pls open your doors.,P,1,Specific Rescue
2.33E+17,#tbcbreaking rt@user photos: floods in manila are displacing tens of thousands of people |,O,0,"Informational, Disaster Update"
2.33E+17,keep calm and pack your things!! #rescueph #prayforthephilippines,P,0,Informational
2.33E+17,@user @user rt pls. #rescueph our warehouse caretaker in roda compound concepcion uno brgy.tumana is alone on the  ...,R,0,Specific Rescue
2.33E+17,@user #reliefph places where you can volunteer and/or send your donations,O,0,Aid
2.33E+17,donate to red cross. globe: red &lt;amt&gt; to 2899. smart: red &lt;amt&gt; to 4143. #reliefph,O,0,Aid
2.33E+17,#floodsph is the most helpful?,"P,R",0,Logistical
2.33E+17,@user please rt: ust hospital &amp; uerm medical center staff &amp; patients need foods. supply is very low.#reliefph @user ,R,0,"Specific Rescue, Food"
2.33E+17,@user please rt! nasa bubong with 1 y/o baby. charmaine dequit 64 langka st. bulelak malanday marikina city 09172551204  #rescueph,R,1,Specific Rescue
2.33E+17,#rescueph 1000 tv channels on your cell phone? fufu,N,,
2.33E+17, rt@user @user @user #saveuerm! flood is about to reach the 3rd floor where the nursery is! pls rt!! #rescueph,R,1,General Rescue
2.33E+17,@user evac centers &amp; relief ops #rescueph,N,,
2.33E+17,@user situation in uerm hospital: flood about to reach the 3rd floor where the nursery is. #rescueph please help the babies :(,R,1,Specific Rescue
2.33E+17,"@user concepcion integrated school in marikina has 582 families, no food yet the whole day #rescueph @divinemlee",R,1,"Specific Rescue, Food"
2.33E+17,"@user @user feu,science building.help is needed.there are 39 stranded students in there.#rescueph please send people there  ...",R,1,Specific Rescue
2.33E+17,@user photos: floods in manila are displacing tens of thousands of people |,O,0,"Photo, Informational"
2.33E+17,@user lagay niyo address tapos hashtag sa #rescueph :( waa!!! baka may maka help!!,R,0,Foreign Language
2.33E+17,@user #floodsph fact: 90% of metro manila are flooded.,"P,O",0,"Informational, Disaster Update"
2.33E+17,cervini will be open 24/7 to accept your donations. :) #reliefph,O,0,Aid
2.33E+17,#rescueph the easiest way to get tv on your phone? fufu,N,,
2.33E+17,"@user rt @user boss sos generators abt to die ust hospital still no help.uerm,pgh too.pls rt thanks as always! #rescueph @user ",R,1,"Logistical, Generator"
2.33E+17,@user rt @user ust hospital is running out of food. they need help. @user @user @user #rescueph,R,1,Food
2.33E+17,@user @user @user @user #reliefph rt @user 2yo toddler stuck w/ 91 y.o.lola @ 2nd flr of hse. . ...,R,1,Specific Rescue
2.33E+17,"@user @user #rescueph rescue me, i'm drowning with all these daley feels",N,,
2.33E+17,"@user rt @user #rescueph roldan family,gen segundo st. heroes hills. the mother has cancer. theyre trapped on their roof ...",R,1,Specific Rescue
2.33E+17,"@user ust, uerm, pgh and delos santos hospital needs #rescueph @user @user @user @philredcross",R,1,Specific Rescue
2.33E+17,"@user uerm needs help! flood almost at the 3rd floor. generators about to die, patients in critical condition. #rescueph",R,2,Specific Rescue
2.33E+17,@user govph is using #phalerts for government advisories and #rescueph for rescue operations.,P,0,"Logistical, Informational"
2.33E+17,"@user we need help!!! 6 people inside house, along banawe cor macopa sta. mesa heights. please spread!!! #rescueph @user ",R,1,Specific Rescue
2.33E+17,"@user concepcion integrated school (marikina) has 582 families, no food yet the whole day. please rt #rescueph",R,0,Food
2.33E+17,"help uerm hospital! brownout &amp; icu patients on generator, generators about to die. flood almost at 3rd flr where the nursery is. #rescueph",R,1,"Logistical, Generator"
2.33E+17,"@user @user part rescuers! please go to ust hospital, mamatay na daw ang generator nila!!!! #rescueph",R,1,"Logistical, Generator"
2.33E+17,"still verifying reports that there is a flood casualty in calamba city, laguna #floodsph",O,0,Disaster development
2.33E+17,@user rt flood in uerm hospital is almost at 3rd floor where the nursery is. no rescuers the whole day. #rescueph,R,1,Specific Rescue
2.33E+17,@user rt @user @user @user #rescueph decastro brgy sta lucia metropolis 1 vill near court pasig city. abou ...,R,0,Foreign Language
2.33E+17,"@user rt the following are in need of help and rescue: pgh, uerm, ust hospital. they need food. #rescueph",R,0,"Specific Rescue, Food"
2.33E+17,"@user pgh, uerm, and ust hospital are flooded. supplies are running low. patients and staff need food and water. #rescueph",R,1,"Specific Rescue, Food"
2.33E+17,"@user uerm hospital: brownout and icu patients on generator, generators about to die #rescueph someone help them pls",R,1,"Specific Rescue, Generator"
2.33E+17,@user ust hospital is running out of food and the generators are about to die @user #rescueph #reliefph,R,1,"Specific Rescue, Generator"
2.33E+17,@user gma kapuso foundation #operationbayanihan relief ops hotline: (02) 981-1950 #reliefph #24oras,R,1,Specific Rescue
2.33E+17,@user uerm really needs help!! flood is almost at 3rd floor where the nursery is. no rescuers the whole day. #rescueph,R,1,Specific Rescue
2.33E+17,"rt@user @user christianne mapue 63 caridad st,don pedrovil,valzuelacity.09175562046.stranded in neck-deepflood. #rescueph",R,21,Specific Rescue
2.33E+17,@user ust hospital's generator already died!!! please send some rescuers! @user #rescueph #reliefph @themayorlim,R,1,"Specific Rescue, Generator"
2.33E+17,"@user generators and gas are needed at the pgh, uerm and ust. please send help. rt!!! #reliefph #rescueph",R,1,"Specific Rescue, Generator"
2.33E+17,"@user please send over food, water and blankets to trinity university of asia high school along e. rodriguez! thank you! #rescueph",R,1,"Specific Rescue, Food"
2.33E+17,"pgh hospital staff, residents, nurses, patients need food and water. pgh is isolated by flood. pls help if you can. #rescueph",R,1,"Specific Rescue, Food"
2.33E+17,"@user @user napadala na raw red cross sa uerm, as tweeted by @user of @user babies'll be safe. #yay #rescueph",R,0,Foreign Language
2.33E+17,"melyn pabustan with 3 kids purok 3, malanday, marikina; their house is near the national high school rt please #rescueph",R,1,Specific Rescue
2.33E+17,@user #rescueph rt @user nasa bubong with 1 y/o baby. charmaine dequit 64 langka st. bulelak malanday marikina c ...,R,1,Specific Rescue
2.33E+17,@user ust hospital's generator already died!!! please send some rescuers! @user #rescueph #reliefph @user @user ,R,1,"Specific Rescue, Generator"
2.33E+17,"#rescueph wilma ubando payod w/ 3 kids purok 3, malanday, marikina; their house is near the national high school. @gmanews",R,1,Specific Rescue
2.33E+17,@user urgent  - help is needed in ust hospital. flood has reached the building's 2nd level.  #rescueph,R,1,Specific Rescue
2.33E+17,@user the generator of the hospital just died pls rescue the people @ ust uerm &amp; pgh hospital @user #rescueph rt &amp; spread! help please,R,1,"Specific Rescue, Generator"
2.33E+17,@user please rt! ust hospital's generator already died. please send some rescuers #rescueph,R,1,"Specific Rescue, Generator"
2.33E+17,"@user rt please! help po sa blk 2 lot 15 don fernando homes niugan, malabon city. #foodplease &amp; everyone in niugan #rescueph",R,1,"Specific Rescue, Food"
2.33E+17,"@user @user uerm hospital: brownout and icu patients on generator, generators about to die #rescueph please rt",R,1,"Specific Rescue, Generator"
2.33E+17,!!!!! rt @user please rt!! ust hospital's generator already died!!! please send some rescuers! @user #rescueph #reliefph,R,1,"Specific Rescue, Generator"
2.33E+17,"@user family needs rescuing. address: 55 guirayan st. brgy. dona imelda, araneta ave., qc. #rescueph pls rt",R,1,Specific Rescue
2.33E+17,@user please retweet rt @user ust hospital's generator already died!!! please send some rescuers! @user #rescueph ...,R,1,"Specific Rescue, Generator"
2.33E+17,rt: ust hospital's generator already died!!! please send some rescuers! #rescueph pls rt,R,1,"Specific Rescue, Generator"
2.33E+17,"@user #rescueph melyn pabustan w/ 3 kids 09175119505 purok 3, malanday, marikina; their house is near the national high school. ...",R,1,Specific Rescue
2.33E+17,@user rt: ust hospital's generator already died!!! please send some rescuers! @user #rescueph #reliefph @user @ ...,R,1,"Specific Rescue, Generator"
2.33E+17,@user @user @user ust hospital's generators already died. please send help. #rescueph #tulongtayotomasino #pray ...,R,1,"Specific Rescue, Generator"
2.33E+17,@user the generator of the hospital just died pls rescue the people @ ust uerm &amp; pgh hospital @user #rescueph rt &amp; spread!,R,1,"Specific Rescue, Generator"
2.33E+17,@user nasa bubong with 1y/o baby. charmaine dequit 64 langka st. bulelak malanday marikina city 09172551204 #rescueph,R,1,Specific Rescue
2.33E+17,"@user rt @user generator at ust hospital has already died. doctors, patients in dire need of help. #reliefph",R,1,"Specific Rescue, Generator"
2.33E+17,@user rt!! please help ust hospital. namatay na po ang generator nila. thank you po! #rescueph #rescueph @user @gmanews,R,1,"Specific Rescue, Generator"
2.33E+17,just got home with my kids.very thankful that they are safe..sunvalley to resorts world manila:no traffic no flood no jeep..,N,,
2.33E+17,@user ust hospital's generators already died. help is needed down there. #rescueph,R,1,"Specific Rescue, Generator"
2.33E+17,@user #rescueph: ust is in need of help right now. ust hospital's generator already died.,R,1,"Specific Rescue, Generator"
2.33E+17,nasa bubong with 1y/o baby. charmaine dequit 64 langka st. bulelak malanday marikina city 09172551204 #rescueph,R,1,Specific Rescue
2.33E+17,funaninews: heavy rains submerge metro manila in flood. check this out!! ,O,0,Disaster Update
2.33E+17,@user ust hospital's generators already died! #rescueph #reliefph @user @user @gmanews,R,1,"Specific Rescue, Generator"
2.33E+17,"for those students in #ust area who can't buy food due to the flood, please contact 09066958133. spread the word. #rescueph",P,0,"Informational, Food, Logistics"
2.33E+17,@user ust hospital's generator has already died. doctors and patients in dire need of help. #rescueph :(,R,1,"Specific Rescue, Generator"
2.33E+17,pgh is also in need of help. #reliefph,R,0,General Rescue
2.33E+17,ust hospital's generator already died!!! please send some rescuers! @user #rescueph #reliefph @user @user @ancalerts,R,1,"Specific Rescue, Generator"
2.33E+17,heavy floods hit manila (video) : worldwide weather watch -  #wibiya - ,O,0,Disaster Update
2.33E+17,"ust hospital and uerm in need of immediate help. ust's morgue is flooded, uerm's nursery is near being flooded. please please #rescueph",R,2,Specific Rescue
2.33E+17,please use #reliefph and #rescueph for real scenarios only. don't mislead the public. this is no joke. grow up fellas!,P,0,Informational
2.33E+17,"@user pls rt! need ng rescuers sa uerm. halos 3rd floor na yung baha, nandun yung nursery. #rescueph",R,1,Specific Rescue
2.33E+17,"can somebody call #rescueph team to priorities ust hospital, generators are down and needs urgent help.",R,1,"Specific Rescue, Generator"
2.33E+17,"@user hospitals that need help (food &amp; water): ust hospital, uerm and philippine general hospital. #rescueph #reliefph pls  ...",R,1,"Specific Rescue, Generator, Food"
2.33E+17,"@user pgh hospital staff, patients need food and water. pgh is isolated by flood. #reliefph (via @user @upmanilaonline)",R,1,"Specific Rescue, Food"
2.33E+17,"@user ust hospital, uerm and pgh needs urgent rescue. #rescueph #mmda",R,1,Specific Rescue
2.33E+17,@user ust hospital appeals to phl red cross for water and food. #rescueph #reliefph (via @joseph_morong),"R,O",0,Aid
2.33E+17,meycauyan doctors hosp does not have generators anymore. pls help. lots of babies there. thanks. #rescueph rt @user @keancipriano,R,1,"Specific Rescue, Generator"
2.33E+17,"ust, uerm, pgh and trinity are needing immediate rescue and supply. some patients are in critical condition. help! #rescueph #reliefph",R,2,"Specific Rescue, Food"
2.33E+17,"@user ----------in need of rescue teams sa palanza street, brgy. dona imelda, sta. mesa, qc. please rt!! #rescueph @user @ ...",R,1,Specific Rescue
2.33E+17,@user pls rt: need rescue 65 st peter ave francisco subd veintereales valenzuela city! mother+child+pets #rescueph,R,1,Specific Rescue
2.33E+17,nikka mindanao - needs rescue 09178285483 @user @user @user #rescueph,R,1,Specific Rescue
2.33E+17,please send rescue teams to malabon navotas area. was stranded there for 8 hrs. a lot of people still trapped in letre road #rescueph,R,1,Specific Rescue
2.33E+17,@user pregnant mom and small kids trapped in 5ft flooded house #283 l. dela cruz st. brgy. isla valenzuel #rescueph @reginevalcasid,R,2,Specific Rescue
2.33E+17,@user rt @user rt @user ust hospital appeals to phl red cross for water and food. #rescueph #reliefph (via @joseph_morong),"R,O",0,Aid
2.33E+17,@user ust hospital needs help! their generator wont last long. patients will suffer. #rescueph #reliefph,R,1,"Specific Rescue, Generator"
2.33E+17,"@user hospitals that need help (food &amp; water): ust hospital, uerm and philippine general hospital. #rescueph @user ",R,1,"Specific Rescue, Food"
2.33E+17,#rescueph live tv on your phone f.r.e.e fufu,N,,
2.33E+17,@user rt @user @user pls rt! for those who want to donate -&gt; #reliefph #rescueph,O,0,Aid
2.33E+17,"@user #39 mongo st. tumana, marikina. family stranded on the roof, no food and drink since morning. #rescueph",R,1,Specific Rescue
2.33E+17,@user delos santos hospitals generator may die in any moment. need help! #rescueph rt pls,R,1,"Specific Rescue, Generator"
2.33E+17,thank you so much! rt@user sending love and worry to the philippines.  (will also send aid donation using #reliefph info....),O,0,"Good Wishes, Aid"
2.33E+17,"please send food and water to ust, uerm and pgh, they need it more than we do. #rescueph",R,1,"Specific Rescue, Food"
2.33E+17,please use social media responsibly. you would not want to be like the boy who cried wolf. #rescueph #reliefph #floodsph,P,0,"Informational, Logistical"
2.33E+17,@user help! residents of sto tomas pampanga in dire need of instant food and water.pls rt #reliefph @user @user ,R,1,"Specific Rescue, Food"
2.33E+17,bracing for another 24 hours of red warnings. hopefully tomorrow will be the last day of the siyam-siyam rains. #habagat,O,0,Disaster Update
2.33E+17,@user @user help po pa rescue family ni luz santos 154 brgy flovi home letre tonsuya malabon. #rescueph,R,1,Specific Rescue
2.33E+17,@user contd. : house is a bungalow &amp; water is knee deep already &amp; rising fast. #rescueph,R,1,Specific Rescue
2.33E+17,"@user up-pgh update: pgh director says, pgh is under control. #reliefph (via @upmanilaonline)",R,0,Disaster Update
2.33E+17,"pls help the people here in tua high school along e. rod they need food, water, clothes and blankets! #rescueph @user @mmda",R,1,"Specific Rescue, Food"
2.33E+17,@user the hospitals of ust and uerm needs urgent rescue because their power generator will stop anytime soon. #rescueph #reliefph,R,1,"Specific Rescue, Food"
2.33E+17,"@user pgh hospital staff, patients need food and water. pgh is isolated by flood. #reliefph (via @studentregentup) @leyjuaymah",R,1,"Specific Rescue, Food"
2.33E+17,"trinity university of asia - high school campus (along e.rodriguez sr. ave., qc) is open for evacuees and donations. please rt! #rescueph","P,O",0,"Logistical, Aid"
2.33E+17,@user we need rescue here! we need to evacuate. address 212 m.h. del pilar st tinajeros malabon city #rescueph please help them.,R,1,Specific Rescue
2.33E+17,@user @user please use this form from #rescueph to report needs for rescuing! please spread the word! ...,P,0,"Informational, Logistical"
2.33E+17,"@user #rescueph @user rt @user no help for nikka mindanao yet.. (4122 balodivino st. sta.mesa, manila) +63917 ...",R,1,Specific Rescue
2.33E+17,@user @user @user #rescueph i need help for 81yr old grandma stuck alone in her house victoria teeten tan  2309 unit#3 ...,R,1,Specific Rescue
2.33E+17,"@user folks, please tweet calls for rescue in the san juan to cong. @user who has agreed to field them. #rescueph",P,0,"Logistical, Aid"
2.33E+17,"@user rt @user no help for nikka mindanao yet.. (4122 balodivino st. sta.mesa, manila) +639178285483 #rescueph",R,1,Specific Rescue
2.33E+17,"@user pls save dis family! #rescueph cp #09292440006 #277 matipuno st. pinalagad, malinta val. city. may tela puti malapit s ...",R,1,Specific Rescue
2.33E+17,@user ashrald for #rescueph : unite for a cause - for donations please contact @user or email ashraldbabes@user http:/ ...,O,0,Aid
2.33E+17,@user delos santos hospitals generator may die in any moment. need help! #rescueph,R,1,"Specific Rescue, Generator"
2.33E+17,"@user @user @user my friend's family needs rescue at 109 yanga st. maysilo, malabon. pls help rt. #rescueph",R,1,Specific Rescue
2.33E+17,"@user #rescueph rescue needed asuncion family (incl.1 yr old baby) &amp; 70 y/o dad. 507 kamagong st, st joseph subd cain ...",R,1,Specific Rescue
2.33E+17,@user mayor jun binay also says that @user will also receive calls for rescue in the makati area #rescueph | via usec. ...,P,0,Informational
2.33E+17,"@user pls help the people here in tua high school along e. rod they need food, water, clothes and blankets! #rescueph pls rt!",R,0,"Food, Aid"
2.33E+17,@user emergency numbers list. #reliefph @user | via @gangbadoy,P,0,Informational
2.33E+17,@user @user @user #rescueph i need help for 81yr old grandma stuck alone in her house victoria teeten tan  2309 unit#301 g. ...,R,1,Specific Rescue
2.33E+17,@user emergency numbers list per city via @user #reliefph,P,0,Informational
2.33E+17,"@user residents of kasiglahan village in montalban, rizal appeal for food, water and blankets. #reliefph (via @markzambrano)",R,1,"Specific Rescue, Food, Aid"
2.33E+17,@user rt @user emergency numbers list. #reliefph @user | via @gangbadoy,P,0,Informational
2.33E+17,@user hello. please rt. manila fans experiencing torrential rains and massive floods. #prayforthephilippines.,O,0,Good Wishes
2.33E+17,"more dried clothes and blankets needed at holy family parish, roxas district, asap  #rescueph",R,0,Aid
2.33E+17,"@user up-pgh update: for those who want to help, pgh doctors, nurses on duty are requesting for food and water. #reliefph (via @user ",R,1,"Aid, Food"
2.33E+17,"even in mindanao, it rains. and it really pours. #rescueph",N,,
2.33E+17,"@user donate, share, and volunteer for the flood victims! #tulongkabataan #reliefph",O,0,Aid
2.33E+17,@user we need rescue here! we need to evacuate. address 212 m.h. del pilar st tinajeros malabon city #rescueph @user @ ...,R,1,Specfic Rescue
2.33E+17,@user rt @user #rescueph #ugc rt @user west riverside corner kentucky st. sfdm q. c. 86 ...,R,1,Specfic Rescue
2.33E+17,@user pgh not in emergency situation. but relief goods will be accepted for distribution in flood-stricken areas. #reliefph (via  ...,O,0,Aid
2.33E+17,"#rescueph @user rt @user no rescue yet!stranded since 3pm.kaya valila+10-12fam (3-5mems).b53 l12teachers village,catmon,malabon",R,1,Specfic Rescue
2.33E+17,"@user #rescueph  rt @user @user parescue po,my kuya hs wife&amp;amp;kid w/dogs stock (cont)",R,1,Specfic Rescue
2.33E+17,"i can't help financially, but i can be a volunteer! #rescueph #reliefph",R,0,Volunteer
2.33E+17,"#emergencynumbers: ndrrmc: (02) 911-1406, 912-2665, 912-5668. mmda: 136. pnp: 117. red cross: 143 or 527-0000 #rescueph via @govph",P,0,"Information, Logistical"
2.33E+17,@user international friends who might want to help out via donations: #rescueph #prayforthephilippines,O,0,Aid
2.33E+17,"campos family needs to be rescued in 101 kapiligan st. dona imelda, qc. family of 8 with 2 senior citizens #rescueph",R,1,Specfic Rescue
2.33E+17,@user ust hospital's and uerm's generators are now officially dead. they need help. #rescueph :((((,R,1,"Specific Rescue, Generator"
2.33E+17,"@user reported @user @user #rescueph mheann calamba (09168982565) brgy. malanday paradise, acasia st., marikina. no re ...",R,1,Specific Rescue
2.33E+17,@user rescue needed in provident village asap. floods are getting worse. please rt. #rescueph,R,1,Specific Rescue
2.33E+17,@user bgy. niugan. n.vicencio street needs a rescue. they need 2 evacuate. walang nakakakita sa kanila dun. #rescueph,R,1,Specific Rescue
2.33E+17,"rt: got a friend residing in malabon who requests 4 help *23mesina st.tinajeros malabon +639158910816 * with kids, pls pls thanks #rescueph",R,1,Specific Rescue
2.33E+17,and also the doxycycline for leptospirosis prophylaxis isn't recommended. better wash the exposed part with clean water and soap! #reliefph,P,0,Informational
2.33E+17,#rescueph wow grabe na ang ulan ang lakas sobra !!!,O,0,Foreign Language
2.33E+17,"@user @user ust hospital's generator already died! please send some rescuers! #rescueph-- nako, pano na mga patients?",R,1,"Specific Rescue, Generator"
2.33E+17,reported @user needs to be rescued @ blk 12 lot 6 3rd st. tanong malabon flood &amp; no electricity. 09194199630 annlyn santos #rescueph,R,0,Foreign Language
2.33E+17,@user pls help! raiza lacostales and 3 others trapped @ 39bougainvilla st.minahan malanday +639175320538.#rescueph @user ,R,1,Specific Rescue
2.33E+17,@user pls help! raiza lacostales and 3 others trapped @ 39bougainvilla st. minahan malanday +639175320538. #rescueph @user ,R,1,Specific Rescue
2.33E+17,"@user rt @user pls help: people in hermosa,bataan r in roofs now,there's no rescuers helping as of now. #rescueph",R,1,Specific Rescue
2.33E+17,@user philippine floods kill more than 50 people. parts of manila evacuated. #cnn,O,0,Disaster Update
2.33E+17,@user for those who want to volunteer in up chk gym 9am for the iskooperation. #reliefph,P,0,Volunteer
2.33E+17,"@user rescue pls hed woodwork 338 gov pascual brgy catmon, malabon tapat ng gulayan near chinese temple 0917846655 #rescueph",R,1,Specific Rescue
2.33E+17,@user mayor jun binay says to report calls for rescue in the makati area to 02 - 8701000 #rescueph | via @abi_valte,P,0,"Informational, Logistical"
2.33E+17,[ ph-manila high tide - aug 8th - ]: 02:11am (+3.1m) / 01:51pm (+2.9m) #phalert #rescueph #besafe #philippines,P,0,"Disaster development, Informational"
2.33E+17,"need help asap w/ 3 days old baby unit 1 pine cluster st., pineville subd. lawa meycauayan bulacan. 09166049812 #rescueph @rescue5ph",R,1,Specific Rescue
2.33E+17,"the landslide in the manila suburb of quezon city buried two houses, leaving the nine people dead and four others injured. #floodsph",O,0,"Disaster Update, Informational"
2.33E+17,"@user pls rt!! daryll patco 54 thaddeus st. marietta romeo village, brgy. sta. lucia, pasig 09175695576 #rescueph @user ",R,1,Specific Rescue
2.33E+17,"@user paki-tag yung involve sa meycauayan,bulacan kanina pa sila humihingi ng tulong wala pa raw nag-rescue. #rescueph",R,0,Foreign Language
2.33E+17,"daryll patco 54 thaddeus st. marietta romeo village, brgy. sta. lucia, pasig 09175695576 @user @user #rescueph #floodsph",R,1,Specific Rescue
2.33E+17,@user @user pls rt family of 8 with 2 seniors is trapped in their home! please help #rescueph add is 101 kapiligan s ...,R,1,Specific Rescue
2.33E+17,"sana po magkaron ng pagrescue sa san juan, kalentong. sa baba ng bonifacio st. marami na pong natrap sa 2nd floor ng mga bahay #rescueph",R,1,"Specific Rescue, Foreign Language"
2.33E+17,@user we need rescue here! we need to evacuate. address 212 m.h. del pilar st tinajeros malabon city #rescueph,R,1,Specific Rescue
2.33E+17,@user @user pls rt family of 8 with 2 seniors is trapped in their home! pla help #rescueph add is 101 kapiligan st d ...,R,1,Specific Rescue
2.33E+17,rt: @user people reportedly trapped inside their houses at midtown subdivision at marikina city. #rescueph (via @iamangelicap),R,1,Specific Rescue
2.33E+17,@user @user help textline : +639051456217 (globe) | +639293510068 (smart) | +639323608563 (sun) | #rescueph,P,0,"Informational, Logistical"
2.33E+17,"nid rescue 12 maginhawa pag-ibig town 3 brgy.san isidro,cainta hope the rescue reach dem asap.k-ann 09498958759 #rescueph",R,1,Specific Rescue
2.33E+17,@user i'm encouraging those who can to help with our relief work at @user tomorrow at 10am. #rescueph,P,0,Volunteer
2.33E+17,"@user #rescueph trapped no food water since 9am ellen,ph9, mariposa st midtown village cainta,09062424937",R,1,"Specific Rescue, Food"
2.33E+17,@user frm t. sevilla: 4 persons needs #rescueph at the only house now that can be seen at 52 sanchez st. tinajeros malabon.,R,1,Specific Rescue
2.33E+17,@user @user @user help textline : +639051456217 (globe) | +639293510068 (smart) | +639323608563 (sun) | #rescueph,P,0,"Informational, Logistical"
2.33E+17,@user 41 tirad pass cor sto domingo qc! 10 persons including 2 kids. last working number 0917 812 4218. magoo dulalia #rescueph,R,1,Specific Rescue
2.33E+17,rt@user ndrrmc: nearly 50% of metro manila submerged in floodwater due to heavy monsoon rains. #reportersnotebook #rescueph,O,0,"Disaster Update, Informational"
2.33E+17,@user @user please help borres family w/ 2y/o child!! no communications yet @ 10 balut st. tonsuya malabon#rescueph,R,1,Specific Rescue
2.33E+17,: @user pls help our friends in funeraria paz. 24hrs trapped. no foodwater &amp; electricity. lots of kids there. #reliefph,R,1,Specific Rescue
2.33E+17,"aerial view of manila flood - aug 7th, 2012 (please help): via @youtube",O,0,"Disaster Update, Photo"
2.33E+17,@user free tv news coverage of #habagat rains &amp; flood over. switching to radio news. listening to dzbb now.,P,0,Informational
2.33E+17,@user #reliefoperations #rescueph,N,,
2.33E+17,"subscribe to my list weather-traffic-update #rescueph to get tweets only about rain/flooding in ph, you don't have to follow me it's public.",P,0,Informational
2.33E+17,@user #rescueph a pregnant woman's staying on top of a roof near 54 kapiligan st. brgy. dona imelda qc. please help!!,R,1,Specific Rescue
2.33E+17,"@user update as of 2:00 am, where to bring your donations or to volunteer #reliefph","P,O",0,"Aid, Volunteer"
2.33E+17,"@user rt @user #rescueph #phalerts @user @user rescue request! #8 a villa st, brgy batis, san juan city @rescue5ph",R,1,Specific Rescue
2.33E+17,@user @user cj de silva &amp; family/212 a mh del pilar st. tinajeros malabon #rescueph,R,1,Specific Rescue
2.33E+17,"@user text red &lt;amt&gt; to 2899 donate even small amounts to red cross. 20,50,100.. be generous with our loads.#reliefph #rescueph",R,1,Specific Rescue
2.33E+17,@user #reliefph @user food &amp; h2o needed. provident village melbourne cor riverside. aina yambao. with 40 ppl with ki ...,R,1,Specific Rescue
2.33E+17,"@user rt  #rescueph we have a patient that can't move. hewlp pls&gt; 09285501849. - tony igcalinos, cainta rescue.",R,1,Specific Rescue
2.33E+17,@user please help rt @user rt @user #rescueph @user those who are in uerm the flood is now goi ...,R,0,General Rescue
2.33E+17,@user @user please help! #65 manhattan cor paris st. provident. lola is bedridden :( leopoldo viola-09332867387 #rescueph,R,1,Specific Rescue
2.33E+17,#rescueph form. fill up if you know someone that needs help,P,0,"Informational, Logistical"
2.33E+17,@user mandaluyong command center. tel # 5882200 #phalerts #rescueph | via @user @mandaluyongpio,P,0,"Informational, Logistical"
2.33E+17,@user pls.rt #reliefph manila needs your help. #philredcross to help hospitals and evacuees due to flood.,R,1,Specific Rescue
2.33E+17,@user pls help cherrylyn aggabao pregnant due na po niya on aug 11 61 sitio balot tonsuya malabon city #rescueph,R,1,Specific Rescue
2.33E+17,@user @user 41 tirad pass cor sto domingo qc! 10 persons including 2 kids. 0917 812 4218. magoo dulalia #rescueph,R,1,Specific Rescue
2.33E+17,#rescueph rescue naman po sa place ng boyfriend ko sa araneta ave.quezon city near so-en .. contact 09328428785 (sun) / 09129848222,R,1,Specific Rescue
2.33E+17,rt: @user marikina river level as of 2:15am is 21.5m #marikinastaystrong #rescueph #reliefph,P,0,Informational
2.33E+17,video: philippine floods kill over 60 people,P,0,"Informational, Photo"
2.33E+17,"@user spoke to her. reported need rescue rt @user (eva. 09084810336) 39b bernardo st. bgy. mariblo, q.c #rescueph pls help",R,1,Specific Rescue
2.33E+17,ust hospital's generator already died! please send some rescuers! #rescueph --- @user @user @mmda,R,1,"Specific Rescue, Generator"
2.33E+17,@user good news! alert level is down to green. #rescueph,P,0,Disaster Update
2.33E+17,@user pls. monitor landcom village in sta. mesa manila.. families trap in martes st. beside river.  #rescueph @user musta kau gerri,R,1,Specific Rescue
2.33E+17,@user if you see animals or pets in need of rescue please contact peta. call 817-5292. #rescueph,P,0,"Informational, Animal"
2.33E+17,@user rain affects close to a million in 11 regions! read: #weatheralert #floodph,O,0,Disaster Update
2.33E+17,a pregnant woman needs help. on top of a roof near 54 kapiligan st. araneta village brgy. dona imelda qc #rescueph,R,1,Specific Rescue
2.33E+17,list of suspension announcements for 8/8/12 ~&gt; #rescueph,O,0,Logistical
2.33E+17,"rains flood manila area, sending thousands fleeing  new york times",O,0,Disaster Update
2.33E+17,@user can u please share list of gov't agencies &amp; ngo's for #reliefph #rescueph #philippines,O,0,Logistical
2.33E+17,"as of 8:10am aug 8,update on relief operations: #reliefph","P,O",0,"Disaster Update, Logistical"
2.33E+17,"rescuers are also human beings. they need food and water, and appreciate gestures of support. let's all cheer them on.#rescueph",R,0,Good Wishes
2.33E+17,@user carita manila accepting donations4 flood victims: acct# bpi 3063-5357-01/mb 175-3-17506954- /bdo 5600-45905/pnb 10-856-660001-7,O,0,Aid
2.33E+17,can somebody rescue my friend @ 1215 dearborn st brookside subd cainta rizal 09068040384.still on roof 8/8 7:58am @user #rescueph,R,1,Specific Rescue
2.33E+17,@user nino alvaro hermano last seen wearing dark blue jacket with shorts and carrying a bag. please tag @user #rescueph,R,0,"General Rescue, Missing Person"
2.33E+17,philippine red cross donations for flood victims,O,0,Aid
2.33E+17,@user still no help!! #rescueph rt @user please just evacuate us to the nearest passable road. been asking help for mo ...,R,1,Specific Rescue
2.33E+17,"@user please help out @user brgy #17 sta lucia 5, de castro countryside @user #rescueph",R,1,Specific Rescue
2.33E+17,"@user @user @user @user @user in case needed, here's the main site:",P,0,Informational
2.33E+17,#reliefph needs food and water.,O,0,"Aid, Food"
2.33E+17,@user manila's flood death toll rises,R,0,Aid
2.33E+17,"@user pal passengers to/from manila, who are unable to take their flights due to floods may rebook their tickets--with rebooking c ...",O,0,Disaster Update
2.33E+17," omg himnae..@user 250,000 flee as floods paralyse philippine capital",O,0,Disaster Update
2.33E+17,"hashtags help coordinate relief efforts in philippine floods: more about: philippines, disaster relief, flooding","P,O",0,"Informational, Logistical"
2.33E+17,"manila water no water today, affected by the flood in brookside cainta, rizal!!!","P,R",0,"Aid, Disaster Update"
2.33E+17,"hashtags help coordinate relief efforts in philippine floods:   in the midst of widespread flooding in manila, w...","P,O",0,"Informational, Logistical"
2.33E+17,"relief ops continue in santuario de san antonio parish, makati. 2 deployments planned today. donations &amp; volunteers and welcome. #reliefph",P,0,"Aid, volunter"
2.33E+17,hashtags help coordinate relief efforts in philippine floods,"P,O",0,"Informational, Logistical"
2.33E+17,from mashable: hashtags help coordinate relief efforts in philippine floods:   in the midst o... #socialmedia #news,"P,O",0,"Informational, Logistical"
2.33E+17,"@user #rescueph rt @user francis ong and fam of 1 yale cor. cambridge st. provident vill, marikina. 7 pax stranded on rooftop ...",R,1,Specific Rescue
2.33E+17,"@user my bro needs rescue pls: jim navarro 0917 8238998 - unit 1, riverside vil. executive homes, cainta #rescueph",R,1,Specific Rescue
2.33E+17,hashtags help coordinate relief efforts in philippine floods via @user #socialmedia #emergency,"P,O",0,"Informational, Logistical"
2.33E+17,@user hashtags help coordinate relief efforts in philippine floods -,"P,O",0,"Informational, Logistical"
2.33E+17,"@user pls rt. remember: ateneo hs #reliefph kitchen for cooked food/2b cooked food items; others like clothes, meds to ate ...",P,0,Aid
2.33E+17,"pls rt. super urgent. the ateneo hs #reliefph kitchen badly needs food containers (paper, kung pwede. ok na styro or microwave plastic).","R, O",0,Aid
2.33E+17,"@user #reliefph your donations for relief goods accepted at ayala, sm and robinsons malls, and mcdonalds stores. pls rt.",O,0,Aid
2.33E+17,"@user sabi nga nila: work for a cause, not for applause. #reliefph","R,O",0,Good Wishes
2.33E+17,@user #rescueph know someone who was rescued since yesterday? report back now: tweet name/s with #safenow hashtag so we could t ...,"R,P",0,Informational
2.33E+17,@user please rescue tin masangcay and family 09159666718 leo st.villarica subd. cainta #rescueph pls,R,1,Specific Rescue
2.33E+17,@user volunteers arriving #rescueph,R,0,Volunteer
2.33E+17,"@user @user sabi nga nila: work for a cause, not for applause. #reliefph","P,R",0,Volunteer
2.33E+17,@user @user please rescue tin masangcay and family 09159666718 leo st villarica subd cainta pls send help to cainta! #rescueph,R,1,Specific Rescue
2.33E+17,"@user pls rt. super urgent. the ateneo hs #reliefph kitchen badly needs food containers (paper, kung pwede. ok na styro or ...","R,O",0,Aid
2.33E+17,relief operations directory: #reliefph,O,0,Volunteer
2.33E+17,"@user mcdonald's restaurants open in metro manila are still accepting donations (rice, noodles, bottled water, etc) for flood vic ...","R,O",0,Aid
2.33E+17,know someone who asked for rescue and was saved? tweet their details to #safenow so that the list with calls for #rescueph can be updated!,P,0,"Informational, Logistical"
2.33E+17,"@user qc based peeps! @user has a relief operation at dar, along qc circle! kailangan namin kayo! #reliefph #operati ...",R,0,Specific Rescue
2.33E+17,"manila floods, displacing tens of thousands via @timeworld",O,0,Disaster Update
2.33E+17,"to those who want to have a relief operation for small groups, please survey or have occular first. make sure you're safe! #reliefph",P,0,"Informational, Logistical"
2.33E+17,@user rt @user twitter accounts u can tweet directly 4 faster rescue response. pls avoid unnecessary traffic #rescueph h ...,P,0,"Informational, Logistical"
2.33E+17,"#reliefph #rescueph rt @user de los santos medical on e. rod w/o food, power, needs help -",R,1,"Specific Rescue, Food, Generator"
2.33E+17,@user rt @user hashtags help coordinate relief efforts in philippine floods - #smem,"P,O",0,"Informational, Logistical"
2.33E+17,@user ph needs genuine help now.. go out and do something guys.   #helpphnow #rescueph  kindly rt &amp; follow too,O,0,"Aid, Good Wishes"
2.33E+17,@user @user pls help lara gascon. address is 6 maligaya st rosario subd cainta. water rising. 09177579450. #rescueph #247cares,R,1,Specific Rescue
2.33E+17,@user ateneo has too many volunteers but there isn't much to do. send donations. #reliefph,O,0,Aid
2.33E+17,"@user use #rescueph for help rescue, #reliefph for food and #floodph for news.",P,0,"Informational, Logistical"
2.33E+17,"@user canned goods, bread &amp; bottled water needed at red cross san juan along santolan cor. ortigas! please help! #reliefph","R,O",0,Aid
2.33E+17,"@user to those who want to donate you can go to bulwagang claret, claret school of qc (up vill.). #reliefph please rt @user ","R,O",0,Aid
2.33E+17,"800,000 affected by deadly floods in #manila",O,0,Disaster Update
2.33E+17,"beltijar family 127 riverside dr cor oxford st, provident vill, marikina. +639351676886 +639272060036 @user #rescueph",R,1,Specific Rescue
2.33E+17,@user hi every1 we r in need of goods here in ateneo. we have enough volunteers already but we only have little donations. #reliefph,"R,O",0,Aid
2.33E+17,"#reliefph #rescueph rt @user approaching ortigas ext area. if you need help, txt me. with (cont)",O,0,Aid
2.33E+17,"@user still hoping that some famous person will donate thousands of things to assumption antipolo, lol. #rescueph",O,0,Aid
2.33E+17,updated list of relief operations in the greenhills vicinity. please rt &amp; spread! #reliefph,P,0,Disaster Update
2.33E+17,"@user rt @user #adamsonlendahand today at st quad, adamson u. please help us rt. we need donations. #reliefph @user ",R,0,Aid
2.33E+17,"@user #reliefph #floodsph list: evacuation centers, relief operations in metro manila ",O,0,Disaster Update
2.33E+17,team calayan @user to the rescue #reliefph,N,,
2.33E+17,"@user pwu manila are accepting foods,blankets,clothes,water &amp; medicines for the flood victims look for vanessa te 0926 ...",R,1,Specific Rescue
2.33E+17,bgy mali @user the town near montalban (rodriguez rizal) is in dire need of help. pls contact romina alfonso 09228440677 #rescueph,R,1,Specific Rescue
2.33E+17,@user @user @user bulacan flood victims they need help :( please rt this . thanks guys . #rescueph #reliefph,R,0,General Rescue
2.33E+17,how bad is this. i know olympics is on but surprised not on tv @user floods submerge most of philippine capital,N,,
2.33E+17,"ua&amp;p hopes in need of donations such as: ready-to-eat food, water and clothing. drop by pearl dr. ortigas for donations! #unitas #reliefph",P,0,Aid
2.33E+17,ua&amp;p's bea and catalyst are used for @user donations. please check this out #reliefph @dzmmteleradyo,N,,
2.33E+17,manila floods sweep away peace of mind for uae filipinos #uae,N,,
2.33E+17,@user rt @user emergency numbers list per city via @user #reliefph,N,,
2.33E+17,"@user rubber boats urgently needed in ua&amp;p, pearl drive, ortigas. a lot of donations to distribute. #reliefph pls rt","R,O",0,Aid
2.33E+17,"@user iskooperation: we need more volunteers, noodles and canned goods. #reliefph","R,O",0,"Volunteer, Aid"
2.33E+17,@user #rescueph daryll patco is on the roof of his house right now 54 thaddeus marietta romeo village brgy sta lucia pasig city 0 ...,R,1,Specific Rescue
2.33E+17,pakiusap: ang hashtags na #reliefph #rescueph #floodsph ay mahalaga.  gamitin natin ng tama.,N,,
2.33E+17,@user rt @user where to bring your donations? under church heading. thanks gma news! #reliefph,O,0,Aid
2.33E+17,more medicines and plastic and boxes needed in ua&amp;p.   please donate!  #rescueph #reliefph,"R,O",0,Aid
2.33E+17,"couples for christ @user #reliefph is now open for donation of goods, ready-to-eat food, blankets, medicine, water,etc.  tel # 7094851",P,0,Aid
2.33E+17,"@user we welcome outside donors and volunteers to help out at ua&amp;p, located pearl drive, ortigas. #reliefph pls rt @user ",O,0,Aid
2.33E+17,gonna sort out stuff to donate! #reliefph,N,,
2.33E+17,"@user couples for christ @user #reliefph is now open for donation of goods, ready-to-eat food, blankets, medicine, water, ...",P,0,Aid
2.33E+17,"@user rt: 911! a house on hacienda avenue, hacienda heights, brgy concepcion 2, marikina is burning! #rescueph",R,2,Specific Rescue
2.33E+17,@user pls help matet reginaldo w/ 2-week old baby lot 4block3 villaolympia sto.domingo cainta rizal 09468266056. thanks. #rescueph,R,1,Specific Rescue
2.33E+17,@user #reliefph #rescueph #bangonpilipinas,N,,
2.33E+17,@user you can still help those affected by floods by dropping off donations in kind in mcdonald's stores open in metro manila.,O,0,Aid
2.33E+17,@user @user 78 michael raymond st marietta romeo vill sta lucia pasig city #rescueph @user @mmda,P,0,General Rescue
2.33E+17,@user #floodph kamias cor. kalayaan - waist deep flood. avoid this area.,O,0,Disaster Update
2.33E+17,#reliefph mt @user u can donate bmilk to medela house 29 1st st. new manila qc or up-pgh contact tina/grace 09214535310.,R,1,Specific Rescue
2.33E+17,@user please retweet. help: uerm qc and de los santos medical center qc #reliefph #rescueph,R,0,Foreign Language
2.33E+17,@user heavy rain just started again here in libis. beginning to cause floods. #floodph,O,0,Disaster Update
2.33E+17,@user 22 b evangelista st xavierville 1 qc. neil flores. 20 people in the house. pls send help. #rescueph @user @user ,R,1,Specific Rescue
2.33E+17,@user fyi: @user is preparing for its second deployment of volunteers. volunteers needed! info: #reliefph,"P, O",0,Volunteer
2.33E+17,"@user 517 ilang ilang st. bayanihan vilage cainta rizal, david bautista +63 905 826 5094. needs rescue @user @user #rescueph",R,1,Specific Rescue
2.33E+17,@user #rescueph kaye conde 71michael raymond st marieta romeo vill stalucia paaig city 09178144965/7360221. @user @user ,R,1,Specific Rescue
2.33E+17,ua&amp;p (4:44pm) : we need more water and tetra packed goods. @user @user @user #reliefph,R,0,Aid
2.33E+17,@user pagasa raises red warning again over metro manila. #rescueph,O,0,Disaster Update
2.33E+17,"@user mayor junjun binay suspends classes in makati, all levels, public and private, thursday, aug 9 #floodsph",O,0,Disaster Update
2.33E+17,"@user rescuers and rubberboats badly needed in v. mapa along sta. mesa area, families are still stranded there. #rescueph (via @user ","R,O",0,Aid
2.33E+17,@user @user 22 b evangelista st xavierville 1 qc. neil flores. 20 people in the house. please send help. #rescueph,R,1,Specific Rescue
2.33E+17,@user cebu bloggers campaign for #rescueph  #reliefph #floodph please help spread the buzz:,N,,
2.33E+17,head to the nearest shelter if you need to evacuate. list here. more resources here. #floodsph,P,0,Informational
2.33E+17,@user 21 stuck at the 2nd floor of a house at 22 b evangelista st xavierville 1 qc. pls send help! #rescueph,R,1,Specific Rescue
2.33E+17,"it hasn't stopped raining since lunch time. waist-deep floods again all over manila. take care, people!",O,0,Disaster Update
2.33E+17,@user hav a friend who badly needs help at #48 virgo st. villarica subd ortigas ext di na sila makalabas house pls rt #rescueph,R,1,Specific Rescue
2.33E+17,@user #rescueph #reliefph please rt @user pls rt,N,,
2.33E+17,"@user emmanuel arcega, an engineering student from ust, is missing. please contact 09103866856. thank you. #rescueph","R,P",0,Missing Person
2.33E+17,"@user we still accept donations (relief goods like clothes, water, ready-to-eat food, beddings). pls rt. #rescueph http:/ ...",O,0,Aid
2.33E+17,@user knee high flood at pedro gil to pgh. #floodsph #mmda @user @user @user @user,O,0,Disaster Update
2.33E+17,@user [rp/rt]   #iskooperation : we will operate tom 8am at up chk gym. we will accept donations til 10pm today. #reliefph,O,0,Aid
2.33E+17,"pls @user obando bulacan esp.my family, needs food and clean water. flood chest deep inside our house. pls send them #rescueph",R,1,"Specific Rescue, Aid"
2.33E+17,"@user bea bautista, (6 people with her including baby) 1223 maria christina st sampaloc manila #rescueph @user please rt",R,1,Specific Rescue
2.33E+17,"@user excuse me, bea bautista, 6 people + including baby 1223 maria christina st sampaloc manila 09151492803 #rescueph @user ",R,1,Specific Rescue
2.33E+17,"@user feeding program in bgy.silangan,qc ongoing. hot arroz caldo being served. donations still needed #reliefph",P,0,Aid
2.33E+17,"@user rt @user #rescueph residents of villamor air base,pasay city needs help.",R,0,General Rescue
2.33E+17,at least 16 fatalities in manila's floods,O,0,Disaster Update
2.33E+17,"@user bedans, heed the clarion call! drop off your donations at the students' lounge of sbca #reliefph",O,0,Aid
2.33E+17,"@user list of suspension announcements for august 9, 2012  #phalerts #rescueph",O,0,Disaster Update
2.33E+17,@user pls help matet reginaldo and her 2-week-old baby! lot4block3 villa olympia sto domingo cainta rizal #rescueph @pcdspo,R,1,Specific Rescue
2.33E+17,@user australian tourists swim with kids in flooded lagusnilad #floodph,N,,
2.33E+17,"mariano marcos memorial high school is now open for evacuation for those who are affected by the floods in sta. ana and pandacan, manila. :)",P,0,Logistical
2.33E+17,"number coding advisory: lifted for tomorrow (aug. 9, 2012) includes makati rt @user #floodsph #rescueph #prayfortheph",O,0,Disaster Update
2.33E+17,@user afternoon still raining? :( #reliefph #bangonpilipinas #prayforthephilippines,O,0,Disaster Update
2.33E+17,"@user #reliefph 4 those hu want 2 don8 #pampanga im raising 38thou 4 h2o 4 2000fams in evac @ heroes hall csfp, 09175474848pls rt",R,1,Specific Rescue
2.33E+17,"@user my sis,uncle&amp;untie &amp; their 3monthold baby nid rescue @user d exact add.hrstheircontct#&gt;09322205984.tnx! #rescueph",R,1,Specific Rescue
2.33E+17,snow in africa. drought in america. flood in manila. volcanic eruption in new zealand. ohmyy. :o,N,,
2.33E+17,"@user snow in africa. drought in america. flood in manila. volcanic eruption in new zealand. seriously, what's next? :(",N,,
2.33E+17,@user @user #rescueph rt @user please send help. no elec. and supplies. phase 4 ng country homes cainta. abot le ...,R,0,"Aid, Generator"
2.33E+17,does anyone have list of evacuation centers of flood victims in metro manila &amp; provinces so we can spread-out...,N,,
2.33E+17,"@user if a lot of us donate even a little, kaya yan. #patakpatak #reliefph #redcross",O,0,Aid
2.33E+17,@user #floodsph: cubao underpass now closed to traffic. | via @sandraguinaldo,N,,
2.33E+17,"@user to all who can donate money, ua&amp;p hopes to buy a 70k boat for our relief operations. #reliefph @user @user h ...",O,0,Aid
2.33E+17,"@user please help! jaja vigilia (ust educ student), 09159166833 #3 sampaguita st. ivc marikina city. #rescueph @user ",R,1,Specific Rescue
2.33E+17,"@user @user asap rescue in villa monteverde, brgy.nagbalon marilao, bulacan. please help to spread! #floodsph",R,1,Specific Rescue
2.33E+17,@user @user nagpuputukan na daw po ang live wires sa dapitan area. #rescueph,N,,Foreign Language
2.33E+17,updated link 19:26 please submit rescue requests here #rescueph,P,0,Logistical
2.33E+17,"@user snow in africa, drought in usa, flood in manila, volcanic eruption in new zealand and earthquake in california. trust go ...",N,,
2.33E+17,"@user our thoughts are with the 800,000 people left homeless by floods in metro manila, philippines",N,,Good Wishes
2.33E+17,"#rescueph rt @user @user my lola needs rescue,nastroke sya, curently evacuated in (cont)",R,1,Specific Rescue
2.33E+17,@user have $2 to spare for flood victims? donate to tulong kabataan via paypal. just click this link: #reliefph,O,0,Aid
2.33E+17,"tc news: with the wide damage caused by yesterday's flood in metro manila and the neighboring provinces, tzu chi (cont)",O,,Disaster Update
2.33E+17,"@user pls rt bea bautista, (6 people+baby) 1223 maria christina st sampaloc manila #rescueph chest-deep water + live wire @user ",N,,
2.33E+17,"@user rt @user advisory: number coding has been lifted for tomorrow (aug. 9, 2012). #floodsph",N,,
2.33E+17,"we're glad that our hon. mayor gerry calderon doing his job but angono, rizal needs help. #reliefph",N,,Foreign Language
2.33E+17,@user saludo ako sa mga rescuer. mas importante sa kanila makasagip ng tao kahit walang pahinga.  #rescueph,N,,Foreign Language
2.33E+17,@user nakakatuwa ang mga #rescueph team.  ang galing sumagip ng buhay! #realheroes. #tvpatrol25,N,,Foreign Language
2.33E+17,"@user intense drought in america, flood in manila, snow in africa, earthquake in cali, volcano eruption in nz!  #prayfortheworld",N,,
2.33E+17,"@user rt!! bea bautista 09151492803, (6 people with her including baby) 1223 maria christina st sampaloc manila #rescueph",R,1,Specific Rescue
2.33E+17,@user @user de castro elem. school received relief goods from the mayor's office today. #reliefph,N,,
2.33E+17,"@user bacolod let's unite and support manila flood victims! you may drop your donations at victory robinsons, la salle, a ...",O,,Aid
2.33E+17,zalora ph accepting donations #reliefph via @pinterest,O,,Aid
2.33E+17,"@user @user @user bea bautista 09151492803 at dapitan area, nagpuputukan na live wires sa kanila #rescueph @user ",R,1,Specific Rescue
2.33E+17,@user @user please rt bea bautista 09151492803(6 people+baby) 1223 maria christina st sampaloc manila #rescueph chestdeep + ...,R,1,Specific Rescue
2.33E+17,"#reliefph: the following schools are now accepting donations: ua&amp;p, ateneo, lsgh, dlsz, up, ust, letran, dlsu, adamson, san beda &amp; enderun.",O,,Aid
2.33E+17,something i made earlier for those who want to donate goods. you can donate in kind to the phil. red cross. #reliefph ,O,,Aid
2.33E+17,"@user folks, eto na ang bagong #rescueph site. google-map based na instead of the spreadsheet. kudos to the team! pls rt h ...",N,,
2.33E+17,man for all men! :) here we go. #csareliefops #reliefph,N,,
2.33E+17,@user @user @user @user please help me spread this:(( i can't be online this week #floodsph #rescueph http ...,N,,
2.33E+17,"naabisuhan kaya ang mga tao dito sa amin? ilang beses ng may tumitirik na motor dito, ga-hita na kasi ang baha. #floodsph #mmda",N,,Foreign Language
2.33E+17,"@user snow in africa, drought in usa, flood in manila, volcanic eruption in new zealand and earthquake in california. trust god ...",N,,
2.33E+17,@user manila hit by devastating floods  in pictures,N,,
2.33E+17,#reliefph @commsoc_1213's aksyon kulasa: #sagipkababayan for more info...,N,,
2.33E+17,"if you give canned goods, give can openers. #reliefph",N,,
2.33E+17,@user useful government information during natural disasters #phalerts #rescueph,P,,Informational
2.33E+17,"@user marcos hiway near filinvest -still not passable to light vehicles, flood water about 3ft deep.. #floodsph @mmda",O,,Disaster Update
2.33E+17,"@user as of 12:17am, heavy rains over quezon city, san mateo, montalban and nearby areas. #floodsph",O,,Disaster Update
2.33E+17,@user do you know that were sufferin from floods here in manila,N,,
2.33E+17,"may mangnganak. 35 malinis st. riverside subd. brgy. sto domingo, cainta rizal.tin maranan-09173398849 #rescueph @user @interaksyon",R,1,Specific Rescue
2.33E+17,"@user @user urgent rescue assistance needed, bgy manggahan rodriguez/montalban rizal, flood waters rising fast po!!#rescueph",R,1,Specific Rescue
2.33E+17,"no foods,water,electricity, my mga ahas n rin daw n lumulutang s 11luntan st cor butan st doa imelda araneta ave #reliefph @govph",R,1,"Specific Rescue, Generator"
2.33E+17,@user rt @user #rescueph #rescue5ph marikina river is now 28.14 m above sea level! wake up!,P,0,Disater Development
2.33E+17,@user rt @user rt @user #rescueph #rescue5ph marikina river is now 28.14 m above sea level! wake up!,P,0,Disater Development
2.33E+17,@user #tulongkabataan advisory: press the right buttons #reliefph ,N,,
2.33E+17,residents near #marikina river: #evacuate to higher-ground now! move away from low-lying areas! #floodsph #phalerts #philippines,P,0,Disater Development
2.33E+17,monsoon rain floods manila -,N,,
2.33E+17,@user people needing help may text @user at 09051456217 | 09293510068 | 09323608563. please retweet. #rescueph | via @pcdspo,P,,Informational
2.33E+17,"#textrescueph: dulongbayan, san matero, rizal - flood above chest deep | 9152451549 #rescueph",R,1,Specific Rescue
2.33E+17,@user the philippine red cross is accepting donations for flood-affected families.,O,,Aid
2.33E+17,keep calm.. think and act about more useful especially this kind of phenomenon.. #reliefph,N,,
2.33E+17,"dear followers who are not in the philippines, please excuse my flooding. trying to do what i can to help my neighbors. :) #rescueph",N,,
2.33E+17,@user please rt @user #rescueph pls pahelp naman po isang family sa #5 road 4 dona petra brgy tumana marikina city asa bub ...,R,1,Specific Rescue
2.33E+17,@user people needing help may text @user at 09051456217 | 09293510068 | 09323608563. please retweet. #rescueph,P,,Informational
2.33E+17,"@user @user camua family. 32 saint catherine street, provident village, marikina - family of 12 including 1 elderly #rescueph",R,1,Specific Rescue
2.33E+17,"@user rt @user @user please help- erick habijan, 09175460405, 151 oxford street, provident village, markina #rescueph",R,1,Specific Rescue
2.33E+17,@user people needing help may text @user at 09051456217 | 09293510068 | 09323608563. #rescueph #phalerts (via @pcdspo),P,,Informational
2.33E+17,"@user if you need help, contact 09051456217/ 09293510068/ 09323608563 #rescueph pls rt!",P,,Informational
2.33E+17,@user updated emergency hotlines via @user #phalerts #rescueph | via @pcdspo,N,,
2.33E+17,@user help!! 32 st. catherine street provident village. 09275053979. #rescueph @user @rescueph,R,1,Specific Rescue
2.33E+17,monsoon rain floods manila,N,,
2.33E+17,@user winnipeg's filipino community to start disaster flood relief fundraising tmrw at the philippine-canadian centre at  ...,N,,
2.33E+17,@user people needing help may text @user at 09051456217 | 09293510068 | 09323608563. #rescueph #phalerts,P,,Informational
2.33E+17,"@user @user if you need help, contact 09051456217/ 09293510068/ 09323608563 #rescueph pls rt!",P,,Informational
2.33E+17,@user please rt. rescuers please! 3pax @ 50 cambridge st provident village #rescueph my dad &amp; 2 helpers!,R,1,Specific Rescue
2.33E+17,@user @user @user people in 2846 lolo ambo st. villa alfonso pasig city needs food and water #rescueph,R,1,Specific Rescue
2.33E+17,@user heavy rains in taguig as well rt @user its raining hard again in manila. stay safe guys. #floodsph,N,,
2.33E+17,@user ateneo hs #reliefph: kitchen needs cooking oil. supplies running low. please rt,R,,"Aid, Food"
2.33E+17,@user rt @user #rescueph pls help our friends in 414 nativity st. st. (cont),R,1,Specific Rescue
2.33E+17,it's just sad how my posting in #rescueph never got a reply from people who are volunteering. #hoping my friend is okay.,R,,Good Wishes
2.33E+17,@user i'm auctioning a cosplay for charity! 100% of this listing goes to the philippine flood disaster relief so please... ...,O,,Aid
2.33E+17,"@user ateneo hs #reliefph kitchen. urgent need: trash bags, food containers, cooking oil and sporks. pls come w caps/head  ...",R,,Aid
2.33E+17,"@user @user @user @user @user hi, in need of help: janice alerta,san mateo rizal,09078585215 #rescueph #reliefph",O,,Aid
2.33E+17,"check red cross, dswd. rt @user where can i drop donations like canned goods and childrens clothes? (from laguna area)  #reliefph",N,,
2.33E+17,we have souther tagalog serve the people corps relief operation up at and #reliefph pls use :),O,,Aid
2.33E+17,"how to donate to red cross:   red &lt;space&gt; amount (5, 25, 50, 100, 300, 500, 1000) send to 2899 (globe) or 4143 (smart). #rescueph",O,,Aid
2.33E+17,@user ateneo hs #reliefph: we still need food containers. used for food packs. anything spill-proof and ready-to-eat-from  ...,R,,Aid
2.33E+17,follow @user for faster operations. :) #rescueph #reliefph @interaksyon,N,,
2.33E+17,@user we need more relief goods here at dar quezon city. gawad kalinga hq! please rt! #reliefph @user @themayorlim,R,0,Aid
2.33E+17,@user how's pinas? still raining? has the flood subsided?-yes ate anne. some parts ng metro manila flooded pa rin. nonstop rain dn po,N,,
2.33E+17,#reliefph  for the philippines,N,,
2.33E+17,"@user #reliefph: the following schools are now accepting donations: ua&amp;p, ateneo, lsgh, dlsz, up, ust, letran, dlsu, ada ...",O,,Aid
2.33E+17,@user please rt #pnama needs donations and volunteers  #reliefph,N,,
2.33E+17,@user my friend from saluysoy meycauayan bulacan needs help! malapit na daw sa 2nd floor ung baha doon. please rt this #rescueph,R,1,Specific Rescue
2.33E+17,@user flood alert: araneta to e. rodriguez manila is now passable to all type of vehicles,O,,Disaster Update
2.33E+17,@user rt @user flood alert: araneta to e. rodriguez manila is now passable to all type of vehicles,O,,Disaster Update
2.33E+17,"rt: photo: floods in sampaloc, manila. the water is beginning to smell funky. |via @user - @user langoy oh!",O,,Disaster Update
2.33E+17,"@user hi! 2 those who want 2 donate relief goods, clothes, toiletries, etc., bring them 2 chk gym in up diliman tom! pls rt #reliefph",O,,Aid
2.33E+17,"@user francis pelayo;bl5 lt6 eissenhower st,mcarthur vill, longos,malolos,bulacan. baby needs milk.flood is chest deep. #rescueph",R,1,Specific Rescue
2.33E+17,@user @user p noval cor. espana knee deep floods @user @user #floodsph,N,,
2.33E+17,"for every up planner purchased, p100 will be donated to disaster survivors via #iskooperation: #reliefph @kaisaup",N,,
2.33E+17,@user pls help rt #rescueph #reliefph at gemini st. villariva subd. sto.domingo cainta (cont),R,1,
2.33E+17,@user ang gamit ng color-coded warning signals ng pagasa #phalerts #rescueph,P,,Informational
2.33E+17,@user guys we need rubbing alcohol and medical supplies as well. thank you po! :) pls rt! :) #reliefph #bangonpilipinas ht ...,R,,Aid
2.33E+17,@user flood alert: recto manila: passable as of 12:30pm #mmda,N,,
2.33E+17,"@user pls help rt #rescueph #reliefph at gemini st. villariva subd. sto.domingo cainta rizal still stranded,no food @user ",R,1,Specific Rescue
2.33E+17,"@user help victims of habagat. pls donate to the red cross.@user subs, please text red &lt;5,25,50,100 or 300&gt; to 2899 #rescueph",O,,Aid
2.33E+17,@user cleaning of feu manila campus has already started. no more flood inside.-@feucso1213,N,,
2.33E+17,please rescue dr. g. tria @user village they are in need of boat #rescueph @user @user @user @user @kuyakim_atienza,R,1,Specific Rescue
2.33E+17,@user relief efforts have stalled due to a shortage of goods. donations are needed at ua&amp;p. thank you! #unitas #reliefph  donate pls!,O,,Aid
2.33E+17,"@user ateneo hs #reliefph kitchen: we have distributed 6,070 meals, and 1200 to be delived. cooking rice now. need canned  ...",O,,Disaster Update
2.33E+17,"@user help victims of habagat. pls donate to the red cross. globe subs, please text red &lt;5,25,50,100 or 300&gt; to 2899 #rescueph",O,,Aid
2.33E+17,"@user help victims of habagat. pls donate to the red cross. for smart, please text red &lt;10,25,50, or 100&gt; to 4143 #rescueph",O,,Aid
2.33E+17,"@user help needed in malabon. people need drinking water, ready-to-eat food &amp; meds.  #reliefph",R,,Aid
2.33E+17,"help habagat victims. pls donate to red cross.smart text red &lt;10,25,50,or 100&gt; to 4143. globe text red &lt;5,25,50,100or300&gt; to 2899. #rescueph",O,,Aid
2.33E+17,"@user ua&amp;p update (2:32pm): we need canned goods, tissue and biscuits. thank you! #reliefph",R,,Aid
2.33E+17,@user #rescueph rt @user pls help! joshua sebastian #148 kabayani rd. purok 4 malanday marikina. wounded. no food 3 days on r ...,R,1,Specific Rescue
2.33E+17,@user atene hs #reliefph kitchen update as of 1:50 pm: we have donated a total of 5490 meal packs! woot! woot! #goateneo,N,,
2.33E+17,nst news: appeal to help two million philippine flood victims: manila: philippine authorities appealed thursday ...,N,,
2.33E+17,our simple way to help others... #reliefgood #rescueph #rice   @ richville place,N,,
2.33E+17,a picture paints a thousand words. what a shot! rt @user #ust #flood #habagat ,N,,
2.33E+17,@user up doctors also here in baseco village giving medical assistance. kudos! god bless your efforts! #reliefph,N,,
2.33E+17,"my mom &amp; the rest of our fil-italo community kabati are goin to help too just like what they did during ondoy. indeed, a bayanihan #rescueph",N,,
2.34E+17,"@user @user advisory: truck ban is lifted tomorrow, friday august 10, for all trucks carrying food items. #mmda #floodsph",N,,
2.34E+17,bn: [updated] where to bring your donations or to volunteer #reliefph,O,,Aid
2.34E+17,day 2 #iskooperation #reliefph,N,,
2.34E+17,@user i'm kinda sad &amp; worried about manila's current flood. it's gotten worse in some areas.,N,,
2.34E+17,@user stay tuned for announcements. check the #reliefph,N,,
2.34E+17,@user they're bringing goods to hospitals that need help! go help them too? qc lang! @user --  #reliefph,N,,
2.34E+17,"@user pack you. yes, we still need you to pack our goodies at the up chk gym tomorrow morning! #reliefph",N,,
2.34E+17,"@user [donate / #reliefph] pinoy b2utys (and even international ones) , we will be needing your help as beastph will be... http:/ ...",N,,
2.34E+17,"clear skies reveal messy scope of philippine flood: manila, philippines     (ap) -- thousands of filipinos shove...",N,,
2.34E+17,just got home from a relief goods operation #holcimphils #prayforphilippines #floodph,N,,
2.34E+17,hashtags help coordinate relief efforts in philippine floods va @mashable,N,,
2.34E+17,@user #netsuite #grantee @user shares map of relief donation centers in ph. #reliefph,N,,
2.34E+17,@user after losing my home last year to a flood i know a little of what is ahead for the thousands of people in manila... h ...,N,,
2.34E+17,phl seeks help to aid 2 million flood victims - via @user #floodph #reliefph,N,,
2.34E+17,monsoon rain floods manila - in focus - the atlantic,N,,
2.34E+17,manila begins cleanup after floods: cnn's alex zolbert gets a first hand look at the afterm...,N,,
2.34E+17,#calumpit was titled as the #waterworld and for miles and miles was 10 under ft of flood water. #rescueph #b,N,,
2.34E+17,@user manila hit by devastating floods  in pictures #philippines,N,,
2.34E+17,"@user philippine flood death toll rises to 60, government says - aap",N,,
2.34E+17,@user we're still in need of 250bottles of water for our relief packs!hope you can donate!pls rt!thx! #reliefph @user ,R,0,Aid
2.34E+17,@user @user rt @user isang lalaki  patay sa leptospirosis sa ospital ng maynila; 5 pa ginagamot #floodsph,N,,
2.34E+17,@user @user @user cookies for a cause #reliefph :) try out our cookies in tomorrow's #13musicalbluerep @user ,N,,
2.34E+17,@user 2 million manila flood victims still have no food and clothing.  please rt these donation centers locations:,N,,
2.34E+17,up red cross youth is continuously accepting donations in cash or kind. for bank &amp; online donations: #reliefph,O,,Aid
2.34E+17,"@user classes in #lpumanila will resume on saturday, august 11, 2012.#reliefph goods are accepted via security ofc or cosel @ m ...",N,,
2.34E+17,sneakers on auction to help manila flood victims #uae #news #dubai,N,,
2.34E+17,@user bluerep's helping to raise money for the flood victims. watch the 8pm show of #13musicalbluerep tom for #reliefph! prou ...,N,,
2.34E+17,@user missing :( #rescueph please rt @user @user @user @user @user @user ...,"R,O",,Missing Person
2.34E+17,konting click lang makakadonate ka na! #tulongkabataan via paypal. just click this link: #reliefph,N,,
2.34E+17,"@user [donate/ #reliefph] let's live to our name b2utys, be beautiful inside and out. donate and help the flood... ...",N,,
2.34E+17,"aug 11 shows: tix for 3pm, p200 tix for 8pm, p500, all profits donated to #reliefph contact 09175002462 for tickets.",N,,
2.34E+17,manila residents clean up after deadly floods,N,,
2.34E+17,"@user aug 11 shows: tix for 3pm, p200 tix for 8pm, p500, all profits donated to #reliefph contact 09175002462 for tickets. ...",N,,
2.34E+17,@user #reliefph rt san antonio still open. urgent need for volunteers today to load &amp; deploy to pampanga/bulacan/cainta.  ...,P,,Volunteering
2.34E+17,check out available relief ops #reliefph,N,,
2.34E+17,"@user #reliefph ua&amp;p (pearl drive, ortigas, pasig) is a drop off point for donations. thank you very much to our generous don ...",O,,Aid
2.34E+17,@user tandaan: panandalian lang ang lunas na kaya ng #reliefph. kailangan ng strategic program / reforms to prevent disasters and  ...,N,,
2.34E+17,@user why it floods in metro manila. simple.,N,,
2.34E+17,"done marikina,on our way to valenzuela bulacan with #teamcalayan #rmq77foundation #reliefph",N,,
2.34E+17,@user manila should use this  #phspeaksup aqua barrier - large flood protection barrier used during yorks flooding uk http:/ ...,N,,
2.35E+17,please follow @user for updates on relief operations &amp; how you can help in your own little way. #reliefph #bangonpilipinas,N,,
2.35E+17,residents clean up muck-ridden manila after floods - times live,N,,
2.35E+17,@user rt @user notice from angat dam office: please be alert and take necessary precautions. #floodsph,N,,
2.35E+17,@user fulfilling day @user #reliefph #bangonph   @ dswd nroc,N,,
2.35E+17,@user rt @user surfers distributing relief goods in rizal with their long boards. @user #reliefph,N,,
2.35E+17,@user rt @user the next severe weather bulletin will be issued at 11pm tonight. #floodsph,N,,
2.35E+17,@user missing dog manila: please help find a lost dog in this iconic flood photo named third via @zite,N,,
2.35E+17,@user volunteers are very much welcome for the #reliefph operations at the mabini hall. please coordinate with cosel and tangha ...,N,,
2.35E+17,"eu, canada release aid money for phl flood victims: european union and canada are supporting philippine efforts...",N,,
2.35E+17,"we need more goods, volunteers - #reliefph operation centers -",N,,
2.35E+17,@user man during  floods in manila moves dogs from roof of house to rescue boat.courtesy of helped by animals... ...,N,,
2.35E+17,@user pagasa 6pm advisory: yellow warning for metro manila. moderate-heavy rains in next 3 hours. possible floods in low-lying  ...,N,,
2.35E+17,@user pagasa 9pm advisory: yellow warning for metro manila. moderate-heavy rains in next 3 hours. floods possible.,N,,
2.35E+17,seeds of hope amidst philippine floods: rice that can survive underwater,N,,
2.36E+17,@user pagasa 11:10am advisory: yellow warning for metro manila. moderate-heavy rains in next 3 hours. floods possible.,N,,
